<?xml version="1.0" encoding="UTF-8"?>
<vcs-root xmlns:xsi="http://www.w3.org/2001/XMLSchema-instance" uuid="f5dc10e7-c7fd-481c-8830-1de031ca531f" type="jetbrains.git" xsi:noNamespaceSchemaLocation="https://www.jetbrains.com/teamcity/schemas/2020.1/project-config.xsd">
  <name>PegaJars</name>
  <param name="agentCleanFilesPolicy" value="ALL_UNTRACKED" />
  <param name="agentCleanPolicy" value="ON_BRANCH_CHANGE" />
  <param name="authMethod" value="PASSWORD" />
  <param name="branch" value="refs/heads/main" />
  <param name="ignoreKnownHosts" value="true" />
  <param name="secure:password" value="zxxa8537075a59da0a5b338eb56378d5f7a" />
  <param name="submoduleCheckout" value="CHECKOUT" />
  <param name="url" value="https://github.com/DugguRaja/PegaJars" />
  <param name="useAlternates" value="true" />
  <param name="username" value="DugguRaja" />
  <param name="usernameStyle" value="USERID" />
</vcs-root>

