<?xml version="1.0" encoding="UTF-8"?>
<vcs-root xmlns:xsi="http://www.w3.org/2001/XMLSchema-instance" uuid="2b86cf15-4b71-4ec5-8853-9e7fdf12798c" type="jetbrains.git" xsi:noNamespaceSchemaLocation="https://www.jetbrains.com/teamcity/schemas/2020.1/project-config.xsd">
  <name>PegaCICD root</name>
  <param name="agentCleanFilesPolicy" value="ALL_UNTRACKED" />
  <param name="agentCleanPolicy" value="ON_BRANCH_CHANGE" />
  <param name="authMethod" value="PASSWORD" />
  <param name="branch" value="refs/heads/master" />
  <param name="ignoreKnownHosts" value="true" />
  <param name="secure:password" value="zxx169dc967d0dd39344f56d8c4407fbf8faafbd9f07d57fafb8641ecf54843739c546ae1b10358a982775d03cbe80d301b" />
  <param name="submoduleCheckout" value="CHECKOUT" />
  <param name="url" value="https://github.com/DugguRaja/PegaCICD" />
  <param name="useAlternates" value="true" />
  <param name="username" value="DugguRaja" />
  <param name="usernameStyle" value="USERID" />
</vcs-root>

