<?xml version="1.0" encoding="UTF-8"?>
<build-type xmlns:xsi="http://www.w3.org/2001/XMLSchema-instance" uuid="971733ff-5da5-48f0-a421-2c8cd4888f07" xsi:noNamespaceSchemaLocation="https://www.jetbrains.com/teamcity/schemas/2020.1/project-config.xsd">
  <name>Import_RAP</name>
  <description />
  <settings>
    <options>
      <option name="artifactRules" value="%system.teamcity.build.checkoutDir%//prpcServiceUtils/scripts/utils/" />
      <option name="cleanBuild" value="true" />
    </options>
    <parameters>
      <param name="system.import_jar" value="" spec="text display='prompt' validationMode='not_empty'" />
      <param name="system.pega.rest.password" value="rules" />
      <param name="system.pega.rest.server.url" value="http://192.168.1.106:8085/prweb/PRRestService/" spec="select display='prompt' data_2='http://192.168.1.106:8080/prweb/PRRestService/' data_1='http://192.168.1.106:8085/prweb/PRRestService/'" />
      <param name="system.pega.rest.username" value="arul" />
    </parameters>
    <build-runners>
      <runner id="RUNNER_6" name="" type="jetbrains_powershell">
        <parameters>
          <param name="jetbrains_powershell_execution" value="PS1" />
          <param name="jetbrains_powershell_noprofile" value="true" />
          <param name="jetbrains_powershell_script_code"><![CDATA[$Path = '%system.teamcity.build.checkoutDir%/prpcServiceUtils/scripts/utils/prpcServiceUtils.properties'
$NewContent = (Get-Content -Path $Path -Raw) -replace 'import.archive.Path=','import.archive.Path=%system.teamcity.build.checkoutDir%/PegaJars_dir/%system.import_jar%/%system.import_jar%.zip'
Set-Content -Path $Path -Value $NewContent

$NewContent = (Get-Content -Path $Path -Raw) -replace 'pega.rest.server.url=','pega.rest.server.url=%system.pega.rest.server.url%'
Set-Content -Path $Path -Value $NewContent

$NewContent = (Get-Content -Path $Path -Raw) -replace 'pega.rest.username=','pega.rest.username=%system.pega.rest.username%'
Set-Content -Path $Path -Value $NewContent

$NewContent = (Get-Content -Path $Path -Raw) -replace 'pega.rest.password=','pega.rest.password=%system.pega.rest.password%'
Set-Content -Path $Path -Value $NewContent]]></param>
          <param name="jetbrains_powershell_script_mode" value="CODE" />
          <param name="teamcity.step.mode" value="default" />
        </parameters>
      </runner>
      <runner id="RUNNER_7" name="" type="simpleRunner">
        <parameters>
          <param name="script.content" value="%system.teamcity.build.checkoutDir%/prpcServiceUtils/scripts/utils/prpcServiceUtils.bat import" />
          <param name="teamcity.step.mode" value="default" />
          <param name="use.custom.script" value="true" />
        </parameters>
      </runner>
    </build-runners>
    <vcs-settings>
      <vcs-entry-ref root-id="PegaCICD_HttpsGithubComDugguRajaHelloGitRefsHeadsMaster" />
      <vcs-entry-ref root-id="PegaJars">
        <checkout-rule rule="+:. =&gt; PegaJars_dir" />
      </vcs-entry-ref>
    </vcs-settings>
    <requirements />
    <build-triggers />
    <cleanup />
  </settings>
</build-type>

