<?xml version="1.0" encoding="UTF-8"?>
<build-type xmlns:xsi="http://www.w3.org/2001/XMLSchema-instance" uuid="28618d2a-70af-45f8-be9c-54bfd597394b" xsi:noNamespaceSchemaLocation="https://www.jetbrains.com/teamcity/schemas/2020.1/project-config.xsd">
  <name>Export_RAP</name>
  <description />
  <settings>
    <options>
      <option name="artifactRules" value="%system.teamcity.build.checkoutDir%/prpcServiceUtils/scripts/utils/logs/EXPORT*/DefaultSystem/*.zip&#xA;%system.teamcity.build.checkoutDir%/prpcServiceUtils/scripts/utils/prpcServiceUtils.properties" />
      <option name="buildNumberPattern" value="1_1_%build.counter%" />
      <option name="cleanBuild" value="true" />
    </options>
    <disabled-settings>
      <setting-ref ref="vcsTrigger" />
    </disabled-settings>
    <parameters>
      <param name="env.ANT_HOME" value="/opt/buildagent/plugins/ant" />
      <param name="system.export.applicationName" value="" spec="text display='prompt' validationMode='any'" />
      <param name="system.export.applicationVersion" value="" spec="text display='prompt' validationMode='any'" />
      <param name="system.export.archiveName" value="%system.build.number%" />
      <param name="system.export.productName" value="" spec="text display='prompt' validationMode='any'" />
      <param name="system.export.productVersion" value="" spec="text display='prompt' validationMode='any'" />
      <param name="system.pega.rest.password" value="rules" spec="text validationMode='any' display='normal'" />
      <param name="system.pega.rest.server.url" value="http://192.168.1.106:8080/prweb/PRRestService/" />
      <param name="system.pega.rest.username" value="bharat" />
    </parameters>
    <build-runners>
      <runner id="RUNNER_4" name="" type="jetbrains_powershell">
        <parameters>
          <param name="jetbrains_powershell_execution" value="PS1" />
          <param name="jetbrains_powershell_noprofile" value="true" />
          <param name="jetbrains_powershell_script_code"><![CDATA[$Path = '%system.teamcity.build.checkoutDir%/prpcServiceUtils/scripts/utils/prpcServiceUtils.properties'
$NewContent = (Get-Content -Path $Path -Raw) -replace 'export.productName=','export.productName=%system.export.productName%'
Set-Content -Path $Path -Value $NewContent

$NewContent = (Get-Content -Path $Path -Raw) -replace 'export.productVersion=','export.productVersion=%system.export.productVersion%'
Set-Content -Path $Path -Value $NewContent

$NewContent = (Get-Content -Path $Path -Raw) -replace 'export.archiveName=','export.archiveName=%system.export.archiveName%'
Set-Content -Path $Path -Value $NewContent

$NewContent = (Get-Content -Path $Path -Raw) -replace 'export.applicationVersion=','export.applicationVersion=%system.export.applicationVersion%'
Set-Content -Path $Path -Value $NewContent

$NewContent = (Get-Content -Path $Path -Raw) -replace 'export.applicationName=','export.applicationName=%system.export.applicationName%'
Set-Content -Path $Path -Value $NewContent

$NewContent = (Get-Content -Path $Path -Raw) -replace 'pega.rest.server.url=','pega.rest.server.url=%system.pega.rest.server.url%'
Set-Content -Path $Path -Value $NewContent

$NewContent = (Get-Content -Path $Path -Raw) -replace 'pega.rest.username=','pega.rest.username=%system.pega.rest.username%'
Set-Content -Path $Path -Value $NewContent

$NewContent = (Get-Content -Path $Path -Raw) -replace 'pega.rest.password=','pega.rest.password=%system.pega.rest.password%'
Set-Content -Path $Path -Value $NewContent]]></param>
          <param name="jetbrains_powershell_script_mode" value="CODE" />
          <param name="teamcity.step.mode" value="default" />
        </parameters>
      </runner>
      <runner id="RUNNER_2" name="Invoke Prpc utils to export the jar" type="simpleRunner">
        <parameters>
          <param name="script.content" value="%system.teamcity.build.checkoutDir%/prpcServiceUtils/scripts/utils/prpcServiceUtils.bat export" />
          <param name="teamcity.step.mode" value="default" />
          <param name="use.custom.script" value="true" />
        </parameters>
      </runner>
      <runner id="RUNNER_5" name="" type="jetbrains_powershell">
        <parameters>
          <param name="jetbrains_powershell_execution" value="PS1" />
          <param name="jetbrains_powershell_noprofile" value="true" />
          <param name="jetbrains_powershell_script_code"><![CDATA[new-item %system.teamcity.build.checkoutDir%/PegaJars_dir/%build.number%/ -itemtype directory
Get-ChildItem -Path "%system.teamcity.build.checkoutDir%\prpcServiceUtils\scripts\utils\logs\*" -Include *.zip -Recurse | Copy-Item -Destination %system.teamcity.build.checkoutDir%/PegaJars_dir/%build.number%/]]></param>
          <param name="jetbrains_powershell_script_mode" value="CODE" />
          <param name="teamcity.step.mode" value="default" />
        </parameters>
      </runner>
      <runner id="RUNNER_3" name="" type="simpleRunner">
        <parameters>
          <param name="script.content"><![CDATA[git config --global user.email "automated@bharatrathore.com"
git config --global user.name "%teamcity.build.triggeredBy.username%"
git add -A
git commit -m "Pega Jars"
git push https://DugguRaja:780d65ed0d68b2ad832e874f6af7a82b5d47bf11@github.com/DugguRaja/PegaJars.git main]]></param>
          <param name="teamcity.build.workingDir" value="%system.teamcity.build.checkoutDir%/PegaJars_dir/" />
          <param name="teamcity.step.mode" value="default" />
          <param name="use.custom.script" value="true" />
        </parameters>
      </runner>
    </build-runners>
    <vcs-settings>
      <vcs-entry-ref root-id="PegaCICD_HttpsGithubComDugguRajaHelloGitRefsHeadsMaster" />
      <vcs-entry-ref root-id="PegaJars">
        <checkout-rule rule="+:. =&gt; PegaJars_dir" />
      </vcs-entry-ref>
    </vcs-settings>
    <requirements>
      <equals id="RQ_1" name="env.OS" value="Windows_NT" />
    </requirements>
    <build-triggers>
      <build-trigger id="vcsTrigger" type="vcsTrigger">
        <parameters>
          <param name="branchFilter" value="+:*" />
          <param name="enableQueueOptimization" value="true" />
          <param name="quietPeriodMode" value="DO_NOT_USE" />
        </parameters>
      </build-trigger>
    </build-triggers>
    <cleanup />
  </settings>
</build-type>

